Seuil,Titre
250,"Stagiaire café du plateau, en passe de se faire virer"
300,Porteur de câbles
400,Stagiaire régie
500,Assistant clapman
600,Apprenti clapman
700,Stagiaire maquillage
800,Assistant coiffure
900,Stagiaire costumes
1000,Assistant accessoiriste
1100,Régisseur adjoint
1200,Perchman débutant
1300,Ingénieur du son junior
1400,Stagiaire scripte
1500,Scripte de plateau
1600,Assistant décorateur
1700,Chef costumier
1800,Second assistant réalisateur
1900,Premier assistant réalisateur
2000,Chef machiniste
2100,Chef électricien
2200,Cadreur
2300,Nommé au césar du meilleur espoir
2400,Assistant monteur
2500,Étalonneur
2600,Monteur émérite
2700,Chef opérateur son
2800,Compositeur de la bande originale
2900,Second rôle remarqué
3000,Producteur associé
3100,Premier rôle secondaire
3200,Tête d'affiche
3300,Vedette bankable
3400,Directeur de la photographie primé
3500,Scénariste primé
3600,Réalisateur prometteur
3700,Réalisateur à succès
3800,Producteur exécutif
3900,Nommé aux César
4000,Second couteau récompensé
4100,Étoile montante
4200,Grand prix du jury à Cannes
4300,Triple nomination aux BAFTA
4400,Réalisateur culte
4500,Nommé aux Oscars
4600,Lauréat du Festival de Cannes
4700,Césarisé
4800,Multi-oscarisé
4900,Palme d'or de la rapidité
5000,Légende du septième art
